{"data":{"purchased_services":[{"id":1,"name":"Main Service 1","purchased_office_template":{"id":1,"office_id":1,"service_type_id":1,"purchased_office_services":[{"id":22,"name":"Sub Service 1","image":"https://picsum.photos/200","description":"Lorem Ipsum is simply dummy text of the printing and typesetting industry. Lorem Ipsum has been the industry's standard dummy text ever since the 1500s.","price":"3000.00","is_free":false,"free_text":null,"external_url":null,"service_selected":{"id":193,"price":"3000.00","quantity":1,"__typename":"PropertyService"},"__typename":"PurchasedOfficeService"},{"id":23,"name":"Sub Service 2","image":"https://picsum.photos/200","description":"Lorem Ipsum is simply dummy text of the printing and typesetting industry. Lorem Ipsum has been the industry's standard dummy text ever since the 1500s.","price":"6000.00","is_free":false,"free_text":null,"external_url":null,"service_selected":null,"__typename":"PurchasedOfficeService"},{"id":24,"name":"Sub Service 3","image":"https://picsum.photos/200","description":"Lorem Ipsum is simply dummy text of the printing and typesetting industry. Lorem Ipsum has been the industry's standard dummy text ever since the 1500s.","price":"7000.00","is_free":false,"free_text":null,"external_url":null,"service_selected":null,"__typename":"PurchasedOfficeService"}],"__typename":"PurchasedOfficeTemplete"},"__typename":"PurchasedServicesType"},{"id":2,"name":"Main Service 2","purchased_office_template":{"id":2,"office_id":1,"service_type_id":2,"purchased_office_services":[{"id":25,"name":"Sub Service 1","image":"https://picsum.photos/200","description":"Lorem Ipsum is simply dummy text of the printing and typesetting industry. Lorem Ipsum has been the industry's standard dummy text ever since the 1500s.","price":"5000.00","is_free":false,"free_text":null,"external_url":null,"service_selected":null,"__typename":"PurchasedOfficeService"},{"id":26,"name":"Sub Service 2","image":"https://picsum.photos/200","description":"Lorem Ipsum is simply dummy text of the printing and typesetting industry. Lorem Ipsum has been the industry's standard dummy text ever since the 1500s.","price":"0.00","is_free":true,"free_text":"Etter avtale","external_url":null,"service_selected":null,"__typename":"PurchasedOfficeService"}],"__typename":"PurchasedOfficeTemplete"},"__typename":"PurchasedServicesType"},{"id":3,"name":"Main Service 3","purchased_office_template":{"id":3,"office_id":1,"service_type_id":3,"purchased_office_services":[{"id":5,"name":"Sub Service 1","image":"https://picsum.photos/200","description":"Lorem Ipsum is simply dummy text of the printing and typesetting industry. Lorem Ipsum has been the industry's standard dummy text ever since the 1500s.","price":"4100.00","is_free":false,"free_text":null,"external_url":null,"service_selected":null,"__typename":"PurchasedOfficeService"},{"id":41,"name":"Sub Service 2","image":"https://picsum.photos/200","description":"Lorem Ipsum is simply dummy text of the printing and typesetting industry. Lorem Ipsum has been the industry's standard dummy text ever since the 1500s.","price":"6500.00","is_free":false,"free_text":null,"external_url":null,"service_selected":{"id":194,"price":"6500.00","quantity":1,"__typename":"PropertyService"},"__typename":"PurchasedOfficeService"}],"__typename":"PurchasedOfficeTemplete"},"__typename":"PurchasedServicesType"},{"id":4,"name":"Main Service 4","purchased_office_template":{"id":4,"office_id":1,"service_type_id":4,"purchased_office_services":[{"id":42,"name":"Sub Service 1","image":"https://picsum.photos/200","description":"Lorem Ipsum is simply dummy text of the printing and typesetting industry. Lorem Ipsum has been the industry's standard dummy text ever since the 1500s.","price":"3200.00","is_free":false,"free_text":null,"external_url":null,"service_selected":null,"__typename":"PurchasedOfficeService"},{"id":43,"name":"Sub Service 2","image":"https://picsum.photos/200","description":"Lorem Ipsum is simply dummy text of the printing and typesetting industry. Lorem Ipsum has been the industry's standard dummy text ever since the 1500s.","price":"7200.00","is_free":false,"free_text":null,"external_url":null,"service_selected":null,"__typename":"PurchasedOfficeService"}],"__typename":"PurchasedOfficeTemplete"},"__typename":"PurchasedServicesType"},{"id":5,"name":"Main Service 5","purchased_office_template":{"id":5,"office_id":1,"service_type_id":5,"purchased_office_services":[{"id":27,"name":"Sub Service 1","image":"https://picsum.photos/200","description":"Lorem Ipsum is simply dummy text of the printing and typesetting industry. Lorem Ipsum has been the industry's standard dummy text ever since the 1500s.","price":"3000.00","is_free":false,"free_text":null,"external_url":null,"service_selected":{"id":195,"price":"3000.00","quantity":1,"__typename":"PropertyService"},"__typename":"PurchasedOfficeService"}],"__typename":"PurchasedOfficeTemplete"},"__typename":"PurchasedServicesType"},{"id":6,"name":"Main Service 6","purchased_office_template":{"id":6,"office_id":1,"service_type_id":6,"purchased_office_services":[{"id":28,"name":"Sub Service 1","image":"https://picsum.photos/200","description":"Lorem Ipsum is simply dummy text of the printing and typesetting industry. Lorem Ipsum has been the industry's standard dummy text ever since the 1500s.","price":"15000.00","is_free":false,"free_text":null,"external_url":null,"service_selected":null,"__typename":"PurchasedOfficeService"}],"__typename":"PurchasedOfficeTemplete"},"__typename":"PurchasedServicesType"},{"id":7,"name":"Main Service 7","purchased_office_template":{"id":7,"office_id":1,"service_type_id":7,"purchased_office_services":[{"id":29,"name":"Sub Service 1","image":"https://picsum.photos/200","description":"Lorem Ipsum is simply dummy text of the printing and typesetting industry. Lorem Ipsum has been the industry's standard dummy text ever since the 1500s.","price":"500.00","is_free":false,"free_text":null,"external_url":null,"service_selected":null,"__typename":"PurchasedOfficeService"}],"__typename":"PurchasedOfficeTemplete"},"__typename":"PurchasedServicesType"},{"id":8,"name":"Main Service 8","purchased_office_template":{"id":8,"office_id":1,"service_type_id":8,"purchased_office_services":[{"id":30,"name":"Sub Service 1","image":"https://picsum.photos/200","description":"Lorem Ipsum is simply dummy text of the printing and typesetting industry. Lorem Ipsum has been the industry's standard dummy text ever since the 1500s.","price":"0.00","is_free":true,"free_text":"Inkludert","external_url":null,"service_selected":{"id":196,"price":"0.00","quantity":1,"__typename":"PropertyService"},"__typename":"PurchasedOfficeService"},{"id":31,"name":"Sub Service 2","image":"https://picsum.photos/200","description":"Lorem Ipsum is simply dummy text of the printing and typesetting industry. Lorem Ipsum has been the industry's standard dummy text ever since the 1500s.","price":"3500.00","is_free":false,"free_text":null,"external_url":null,"service_selected":null,"__typename":"PurchasedOfficeService"}],"__typename":"PurchasedOfficeTemplete"},"__typename":"PurchasedServicesType"},{"id":9,"name":"Main Service 9","purchased_office_template":{"id":9,"office_id":1,"service_type_id":9,"purchased_office_services":[{"id":32,"name":"Sub Service 1","image":"https://picsum.photos/200","description":"Lorem Ipsum is simply dummy text of the printing and typesetting industry. Lorem Ipsum has been the industry's standard dummy text ever since the 1500s.","price":"0.00","is_free":true,"free_text":"Inkludert","external_url":null,"service_selected":null,"__typename":"PurchasedOfficeService"}],"__typename":"PurchasedOfficeTemplete"},"__typename":"PurchasedServicesType"},{"id":10,"name":"Main Service 10","purchased_office_template":{"id":10,"office_id":1,"service_type_id":10,"purchased_office_services":[{"id":33,"name":"Sub Service 1","image":"https://picsum.photos/200","description":"Lorem Ipsum is simply dummy text of the printing and typesetting industry. Lorem Ipsum has been the industry's standard dummy text ever since the 1500s.","price":"0.00","is_free":true,"free_text":"Inkludert","external_url":null,"service_selected":null,"__typename":"PurchasedOfficeService"}],"__typename":"PurchasedOfficeTemplete"},"__typename":"PurchasedServicesType"},{"id":11,"name":"Main Service 11","purchased_office_template":{"id":11,"office_id":1,"service_type_id":11,"purchased_office_services":[{"id":34,"name":"Sub Service 1","image":"https://picsum.photos/200","description":"Lorem Ipsum is simply dummy text of the printing and typesetting industry. Lorem Ipsum has been the industry's standard dummy text ever since the 1500s.","price":"2000.00","is_free":false,"free_text":null,"external_url":null,"service_selected":null,"__typename":"PurchasedOfficeService"},{"id":35,"name":"Sub Service 2","image":"https://picsum.photos/200","description":"Lorem Ipsum is simply dummy text of the printing and typesetting industry. Lorem Ipsum has been the industry's standard dummy text ever since the 1500s.","price":"3500.00","is_free":false,"free_text":null,"external_url":null,"service_selected":{"id":197,"price":"3500.00","quantity":1,"__typename":"PropertyService"},"__typename":"PurchasedOfficeService"}],"__typename":"PurchasedOfficeTemplete"},"__typename":"PurchasedServicesType"},{"id":12,"name":"Main Service 12","purchased_office_template":{"id":12,"office_id":1,"service_type_id":12,"purchased_office_services":[{"id":36,"name":"Sub Service 1","image":"https://picsum.photos/200","description":"Lorem Ipsum is simply dummy text of the printing and typesetting industry. Lorem Ipsum has been the industry's standard dummy text ever since the 1500s.","price":"8900.00","is_free":false,"free_text":null,"external_url":null,"service_selected":null,"__typename":"PurchasedOfficeService"}],"__typename":"PurchasedOfficeTemplete"},"__typename":"PurchasedServicesType"},{"id":13,"name":"Main Service 13","purchased_office_template":{"id":13,"office_id":1,"service_type_id":13,"purchased_office_services":[{"id":37,"name":"Sub Service 1","image":"https://picsum.photos/200","description":"Lorem Ipsum is simply dummy text of the printing and typesetting industry. Lorem Ipsum has been the industry's standard dummy text ever since the 1500s.","price":"1500.00","is_free":false,"free_text":null,"external_url":null,"service_selected":null,"__typename":"PurchasedOfficeService"},{"id":38,"name":"Sub Service 2","image":"https://picsum.photos/200","description":"Lorem Ipsum is simply dummy text of the printing and typesetting industry. Lorem Ipsum has been the industry's standard dummy text ever since the 1500s.","price":"1500.00","is_free":false,"free_text":null,"external_url":null,"service_selected":null,"__typename":"PurchasedOfficeService"}],"__typename":"PurchasedOfficeTemplete"},"__typename":"PurchasedServicesType"},{"id":14,"name":"Main Service 14","purchased_office_template":{"id":14,"office_id":1,"service_type_id":14,"purchased_office_services":[{"id":39,"name":"Sub Service 1","image":"https://picsum.photos/200","description":"Lorem Ipsum is simply dummy text of the printing and typesetting industry. Lorem Ipsum has been the industry's standard dummy text ever since the 1500s.","price":"0.00","is_free":true,"free_text":"Inkludert","external_url":null,"service_selected":{"id":198,"price":"0.00","quantity":1,"__typename":"PropertyService"},"__typename":"PurchasedOfficeService"}],"__typename":"PurchasedOfficeTemplete"},"__typename":"PurchasedServicesType"},{"id":15,"name":"Main Service 15","purchased_office_template":{"id":15,"office_id":1,"service_type_id":15,"purchased_office_services":[{"id":40,"name":"Sub Service 1","image":"https://picsum.photos/200","description":"Lorem Ipsum is simply dummy text of the printing and typesetting industry. Lorem Ipsum has been the industry's standard dummy text ever since the 1500s.","price":"0.00","is_free":true,"free_text":"inkludert","external_url":null,"service_selected":null,"__typename":"PurchasedOfficeService"}],"__typename":"PurchasedOfficeTemplete"},"__typename":"PurchasedServicesType"}]}}